[
  {
    "inputs": [
      { "internalType": "uint256", "name": "amount", "type": "uint256" }
    ],
    "name": "deposit",
    "outputs": [],
    "stateMutability": "nonpayable",
    "type": "function"
  },
  {
    "inputs": [
      { "internalType": "uint256", "name": "principal", "type": "uint256" },
      { "internalType": "uint256", "name": "interest", "type": "uint256" },
      { "internalType": "uint256", "name": "termSeconds", "type": "uint256" }
    ],
    "name": "requestLoan",
    "outputs": [
      { "internalType": "uint256", "name": "", "type": "uint256" }
    ],
    "stateMutability": "nonpayable",
    "type": "function"
  },
  {
    "inputs": [{ "internalType": "uint256", "name": "loanId", "type": "uint256" }],
    "name": "approveLoan",
    "outputs": [],
    "stateMutability": "nonpayable",
    "type": "function"
  },
  {
    "inputs": [{ "internalType": "uint256", "name": "loanId", "type": "uint256" }],
    "name": "repay",
    "outputs": [],
    "stateMutability": "nonpayable",
    "type": "function"
  }
]
